{"cameraMode":{"drawMode":0,"name":"Shaded","section":"Shading Mode"},"sceneLighting":false,"audioPlay":false,"sceneViewState":{"m_AlwaysRefresh":false,"showFog":true,"showSkybox":false,"showFlares":true,"showImageEffects":true,"showParticleSystems":true,"showVisualEffectGraphs":true,"m_FxEnabled":true},"in2DMode":false,"pivot":{"x":0.02357006072998047,"y":-0.00764155387878418,"z":0.8607048392295837},"rotation":{"x":0.20773310959339143,"y":-0.5614107251167297,"z":0.14814575016498567,"w":0.7872218489646912},"size":2.525568723678589,"orthographic":false}