{"cameraMode":{"drawMode":0,"name":"Shaded","section":"Shading Mode"},"sceneLighting":false,"audioPlay":false,"sceneViewState":{"m_AlwaysRefresh":false,"showFog":true,"showSkybox":false,"showFlares":true,"showImageEffects":true,"showParticleSystems":true,"showVisualEffectGraphs":true,"m_FxEnabled":true},"in2DMode":false,"pivot":{"x":0.027048379182815553,"y":0.6986989378929138,"z":-5.960464477539063e-8},"rotation":{"x":0.20773310959339143,"y":-0.5614107251167297,"z":0.14814575016498567,"w":0.7872218489646912},"size":1.8126953840255738,"orthographic":false}