{"cameraMode":{"drawMode":0,"name":"Shaded","section":"Shading Mode"},"sceneLighting":false,"audioPlay":false,"sceneViewState":{"m_AlwaysRefresh":false,"showFog":true,"showSkybox":false,"showFlares":true,"showImageEffects":true,"showParticleSystems":true,"showVisualEffectGraphs":true,"m_FxEnabled":true},"in2DMode":false,"pivot":{"x":2.9802322387695315e-8,"y":0.23226138949394227,"z":-7.450580596923828e-9},"rotation":{"x":-0.08039795607328415,"y":0.9132809638977051,"z":-0.2205934077501297,"w":-0.3328562378883362},"size":0.2526584565639496,"orthographic":true}