{"cameraMode":{"drawMode":0,"name":"Shaded","section":"Shading Mode"},"sceneLighting":false,"audioPlay":false,"sceneViewState":{"m_AlwaysRefresh":false,"showFog":true,"showSkybox":false,"showFlares":true,"showImageEffects":true,"showParticleSystems":true,"showVisualEffectGraphs":true,"m_FxEnabled":true},"in2DMode":false,"pivot":{"x":2.7064688205718996,"y":12.111751556396485,"z":-1.7680200338363648},"rotation":{"x":0.000191569299204275,"y":0.9486425518989563,"z":0.0005700166220776737,"w":-0.31635987758636477},"size":2.5846474170684816,"orthographic":true}